text,label,notes
Pochettino’s USMNT seems to be forming a press-first identity. The team looks more comfortable forcing turnovers high than controlling long possession spells.,analysis,clear case - reasoned tactical observation on team style
"Portugal’s midfield has technical quality, but Bruno, Vitinha, and Neves may struggle in recovery runs if the fullbacks push high.",analysis,clear case - specific player roles and tactical risk
"Argentina’s midfield trio of De Paul, Mac Allister, and Enzo provides perfect balance between intensity, progression, and control, allowing Messi more freedom in the final third.",analysis,reasoned analysis of squad balance and player synergy
"Japan’s high-pressing system under their new coach has improved their transition speed, but they still lack depth in central defense against physical European sides like Germany.",analysis,tactical breakdown with strengths/weaknesses
Morocco’s set-piece organization and counter-attacks make them dangerous; they could replicate their 2022 run if they maintain discipline against technically superior teams like Spain.,analysis,match context and historical comparison
"Brazil under Ancelotti is prioritizing midfield control over flair, which might limit their attacking output but improves defensive solidity against teams like France.",analysis,coach influence and tactical shift
"England’s fullbacks are pushing high, creating width, but this leaves vulnerabilities in transitions that quicker African teams like Nigeria could exploit.",analysis,specific tactical observation
"USMNT’s intensity in duels and off-ball runs under Pochettino is their biggest asset, but retention under pressure remains a concern against top sides.",analysis,team strengths and weaknesses
"France’s depth allows them to rotate stars like Mbappe and Dembele without losing quality, giving them an edge in a long tournament.",analysis,reasoned squad depth argument
Germany has rediscovered their pressing intensity; their ability to dominate second balls could trouble slower midfields like Portugal’s.,analysis,tactical and form-based analysis
"Canada’s home advantage in North America could boost their qualifying push, but they need better finishing to compete with Mexico and USMNT.",analysis,contextual analysis on regional dynamics
"Egypt’s experience with Salah could be key in knockouts, but their defense needs tightening against fast attackers like those from Senegal.",analysis,player role and team needs
Ghana’s young squad has energy but lacks tournament experience; integrating veterans will be crucial for deep runs.,analysis,reasoned squad assessment
"Nigeria’s athleticism and counter-attacks suit knockout football, but technical midfield control is still developing.",analysis,tactical fit for tournament
"Korea’s organized defense and set pieces make them tough to break down, similar to their past World Cup performances.",analysis,historical and tactical comparison
"Croatia’s midfield experience with Modric remains elite, but aging legs may limit them in high-intensity games.",analysis,player-specific and age context
"Netherlands’ total football revival under their coach emphasizes fluidity, which could unsettle rigid defenses like Italy’s.",analysis,style-based analysis
"Italy’s defensive organization is back, but they need more creativity upfront to challenge powerhouses like Argentina.",analysis,strengths/weaknesses
"Spain’s tiki-taka evolution with younger players adds more directness, improving their threat in transitions.",analysis,evolution of team style
"Qatar or other hosts in expanded format might surprise with home support, but infrastructure and squad quality will decide.",analysis,broader tournament context
Christian Pulisic is actually the most overrated player on the USMNT.,hot_take,clear bold claim with limited support
England’s so-called golden generation was a complete failure.,hot_take,exaggerated opinion
Argentina is washed and old. They won’t defend their title.,hot_take,cherry-picked age focus ignoring squad quality
Brazil has Neymar but no real team. They’ll flop early.,hot_take,bold dramatic claim
Portugal can’t win without Ronaldo carrying everything.,hot_take,overstated dependency
France has too many stars and will collapse under pressure.,hot_take,weakly supported hot take
Japan will win the World Cup this time. Their system is unbeatable.,hot_take,bold unrealistic prediction
USMNT is finally the best team in CONCACAF and will reach semis.,hot_take,opinionated without deep backing
Mbappe will break all World Cup goal records easily.,hot_take,assertive future claim
Germany is back to being favorites. No one can stop them.,hot_take,overconfident
Morocco is the dark horse that will eliminate a big European team.,hot_take,interesting but weakly explained
England’s manager is the problem. Fire him now.,hot_take,blunt blame
Spain lacks firepower. They’re boring to watch.,hot_take,subjective bold opinion
Canada will shock everyone and top their group.,hot_take,dramatic underdog claim
Egypt with Salah is unstoppable in Africa but not globally.,hot_take,cherry-picked
Nigeria’s talent is wasted on poor coaching every time.,hot_take,generalized complaint
Korea always overperforms. They’ll go further than expected.,hot_take,opinionated
Croatia is too old. Time to rebuild.,hot_take,age-focused exaggeration
Netherlands will finally win it. This is their year.,hot_take,bold assertion
Italy’s defense is outdated. They’ll leak goals.,hot_take,weak support
Messi’s influence is declining. Argentina depends too much on him still.,hot_take,cherry-picked narrative
Ooooooooooh my what a goal! Japan 2-0!,reaction,clear emotional live response
How on earth did he miss that?!??,reaction,immediate emotional frustration
YESSSSS! Mbappe you beauty! France are flying 🔥,reaction,excitement to goal/event
Heartbroken for USMNT after that late equalizer. What a game though.,reaction,emotional post-match
Insane save by the keeper! How did he get to that?!,reaction,live reaction to action
VAR drama again?! This is robbing the game of joy.,reaction,frustrated emotional response
COME ON ENGLAND! That press is intense!,reaction,supportive live emotion
Argentina doing it again. Messi magic never dies.,reaction,admiration/emotion
Brazil looking shaky. Not the Selecao we know.,reaction,disappointed reaction
Germany back to their best. Scary stuff for everyone.,reaction,impressed live take
USMNT intensity is unmatched tonight. Let’s go!,reaction,patriotic emotional boost
Morocco fighting hard. Pride of Africa!,reaction,supportive reaction
Salah masterclass. Egypt on the board!,reaction,celebratory
What a miss! Ghana could have taken the lead.,reaction,disbelief
Nigeria turning it around. Super Eagles rising!,reaction,excited comeback reaction
Korea never gives up. Warrior spirit.,reaction,admiration
Croatia grinding out results as always.,reaction,respectful emotion
Netherlands total football is beautiful to watch.,reaction,aesthetic appreciation
That Italy tackle was brutal but necessary.,reaction,raw reaction
Spain dominating possession again. Hypnotic.,reaction,impressed
Host advantage for North American teams feels real tonight.,reaction,contextual emotion
Mo Salah wins the Player of the Match award at a World Cup match for the first time in his career.,updates,clear factual report
Egypt beat New Zealand 3-1 and get their first-ever win at the World Cup.,updates,factual result
France 1-0 Iraq. Mbappe scores early with assist from Olise.,updates,score and fact update
Argentina have qualified for the Round of 32!,updates,official factual qualification
Kylian Mbappé has 3 goals this World Cup. 15th career WC goal.,updates,statistical fact
USMNT lineup announced: Pochettino starts with full strength squad.,updates,lineup fact
Injury update: Key defender out for Germany’s next match.,updates,factual injury report
Brazil vs Morocco kickoff confirmed for Group stage clash.,updates,schedule update
Player of the Tournament standings after group stage released.,updates,award-related fact
Japan tops their group with impressive goal difference.,updates,result summary
Mexico advances as co-hosts with strong home support.,updates,qualification update
Canada secures crucial point against strong opponent.,updates,match outcome
Ghana qualifies for knockouts after dramatic win.,updates,factual progress
Nigeria through to Round of 16 with late winner.,updates,update
Korea advances on fair play after tied group.,updates,specific fact
"Croatia draws with favorite, stays in contention.",updates,match result
Netherlands posts clean sheet in opener.,updates,defensive fact
Italy wins narrow victory with late goal.,updates,score update
Spain dominates with high possession stats.,updates,performance fact
Host nations all progress from groups in 2026 format.,updates,broad tournament update
Pochettino has transformed the USMNT into a high-pressing unit that forces errors in the opposition half consistently.,analysis,deep tactical reasoning on coach impact
England’s reliance on individual brilliance from forwards masks underlying issues in midfield structure during build-up.,analysis,reasoned critique with context
"Argentina’s continuity from 2022 squad provides unmatched chemistry, even as individuals age.",analysis,historical and squad analysis
"Brazil’s fullback pairing looks vulnerable against wide attacks, requiring midfield cover that may fatigue them.",analysis,specific positional analysis
France’s ability to change shape mid-game gives them versatility few teams match.,analysis,tactical flexibility
Japan excels in organized pressing but struggles when forced into long balls by physical teams.,analysis,style match-up
Morocco’s counter-attacking transitions are their weapon; maintaining shape is key.,analysis,strength-focused
Germany’s renewed intensity in duels is evident from recent performances.,analysis,form and style
USMNT’s European-based players bring club-level quality that elevates the team.,analysis,player sourcing context
Portugal needs better balance between attack and recovery to handle high presses.,analysis,midfield concern
Spain’s younger generation adds dynamism to their traditional control.,analysis,evolution
Netherlands fluid movement creates overloads in key areas.,analysis,tactical strength
Italy’s catenaccio roots still influence their compact defending.,analysis,historical style
Croatia’s veteran leadership compensates for physical limitations.,analysis,experience vs age
Korea’s set-piece threat is a consistent tournament factor.,analysis,specific weapon
Nigeria’s athletic profiles suit fast-paced games.,analysis,player attributes
Ghana needs tactical discipline to match their talent.,analysis,improvement area
Egypt leverages star power effectively in key moments.,analysis,player impact
Canada benefits from passionate home crowds in this edition.,analysis,external factor
Mexico’s co-host status adds pressure and motivation.,analysis,contextual
Qatar’s experience from previous hosting could help.,analysis,minor team note
England’s manager choices have hampered their potential in past tournaments.,hot_take,bold coaching blame
USMNT will never win a major trophy with current generation.,hot_take,overly negative
Brazil without Neymar is nothing. They’re overrated.,hot_take,player dependency
Argentina only wins because of Messi. Team is average.,hot_take,cherry-picked
France will choke in semis again due to internal issues.,hot_take,predictive drama
Japan is the best Asian team by far. Others are weak.,hot_take,regional exaggeration
Germany is finished. No more dominance.,hot_take,decline claim
Portugal’s golden generation wasted their chance.,hot_take,harsh judgment
Spain plays boring football that no one enjoys.,hot_take,subjective
Morocco got lucky in 2022. Won’t repeat.,hot_take,dismissive
USMNT hype is unreal. They’ll exit groups.,hot_take,anti-hype
Salah can’t carry Egypt forever.,hot_take,limitation claim
Nigeria always disappoints on big stage.,hot_take,pattern assertion
Korea relies on luck and referee decisions.,hot_take,controversial
Croatia is a one-man team with Modric.,hot_take,reductionist
Netherlands chokes in big moments historically.,hot_take,cherry-picked history
Italy parks the bus and bores everyone.,hot_take,style criticism
Canada is just there for the experience.,hot_take,dismissive
Mexico benefits from hosting bias.,hot_take,conspiracy-lite
England has the players but never the mentality.,hot_take,classic bold take
Every African team will cause upsets this time.,hot_take,overgeneralized
OMG that Mbappe goal was pure class! France unstoppable!,reaction,excited goal reaction
Referee robbed us! That was never a penalty!!!,reaction,angry decision reaction
Heart in mouth during that last-minute chance. USMNT lucky.,reaction,tense live emotion
What an atmosphere! North American crowds are electric.,reaction,environmental reaction
Devastated after that own goal. Team fought hard though.,reaction,post-event emotion
Insane bicycle kick attempt! So close for Brazil.,reaction,admiration for skill
VAR saved them there. Controversial but correct?,reaction,mixed reaction
England finally clicking. This could be their year!,reaction,hopeful
Japan’s speed is terrifying for defenses.,reaction,impressed
Morocco holding firm. Heroes!,reaction,supportive
Salah assist was chef’s kiss. Egypt back in it.,reaction,celebratory
Nigeria comeback loading. Feel it.,reaction,optimistic
Korea never dies. Extra time warriors.,reaction,respect
Croatia masterclass in control.,reaction,appreciative
Netherlands flair on display. Beautiful game.,reaction,aesthetic
That Italy counter was lethal.,reaction,excited
Spain tiki-taka magic again.,reaction,positive
Host nations shining bright tonight.,reaction,positive context
USMNT pressing like mad. Proud!,reaction,emotional support
Germany clinical as ever. Ruthless.,reaction,impressed
Portugal grinding out the result.,reaction,relieved
Argentina through comfortably.,updates,qualification fact
Lineups dropped for France vs Iraq: Mbappe starts.,updates,lineup update
Injury news: Key midfielder doubtful for England.,updates,factual
Score update: Brazil 2-0 at halftime.,updates,live score
Player of the match: Modric for Croatia performance.,updates,award
Japan advances with 2 wins in group.,updates,result
USMNT secures draw in tough opener.,updates,match outcome
Mexico wins home debut convincingly.,updates,win update
Egypt qualifies on goal difference.,updates,progress
Ghana beats opponent in thriller.,updates,result
Nigeria posts clean sheet.,updates,defensive update
Korea draws with favorite.,updates,point gained
Netherlands tops group early.,updates,standing
Italy rotates squad successfully.,updates,squad news
Spain high possession leads to victory.,updates,performance
Canada earns first WC point.,updates,historic fact
Morocco advances as surprise.,updates,progress
Portugal through to knockouts.,updates,qualification
Germany dominates with multiple goals.,updates,score
England clean sheet in key match.,updates,defensive
Argentina rests stars but still wins.,updates,squad management
The tactical battle between high press and low block will define many 2026 matches especially for teams like Korea.,analysis,general tactical theme
USMNT’s set-piece delivery has improved dramatically; they could score 4-5 goals from dead balls.,analysis,specific improvement area
Argentina’s high defensive line under Scaloni invites pressure but recovers quickly with world-class midfielders.,analysis,defensive setup reasoning
Brazil needs to integrate more young talents to sustain their attack beyond individual stars.,analysis,squad development
England’s transition from defense to attack remains their weakest phase despite talented players.,analysis,phase-specific analysis
"France’s midfield pivot controls tempo effectively, allowing attackers freedom to exploit spaces.",analysis,positional analysis
Japan’s quick combinations in tight spaces challenge even compact defenses like Morocco’s.,analysis,technical style
Portugal’s experience in big tournaments gives them mental edge over younger squads.,analysis,experience factor
"Germany’s gegenpressing has evolved with newer players, creating more sustained pressure.",analysis,evolution
Canada’s defensive structure under their coach is solid but needs better creativity.,analysis,team assessment
Egypt can go far if Salah stays fit and the team supports him in attack.,analysis,star dependency with context
Ghana’s physicality suits the African style but European opponents may outsmart them.,analysis,style match-up
Nigeria has raw talent in attack; structuring it tactically is the next step.,analysis,potential and needs
Korea’s counter-press after losing possession is one of their best attributes.,analysis,specific strength
"Croatia excels in possession under pressure, a rare quality.",analysis,technical quality
Netherlands’ attacking patterns involve frequent position swaps that confuse markers.,analysis,tactical pattern
Italy’s ability to absorb pressure and strike on counter is classic.,analysis,historical strength
Spain dominates through patience and precise passing networks.,analysis,control style
Mexico leverages passionate fans to boost performance in home games.,analysis,external factor
Pulisic gets too much credit for USMNT success when the team effort is what matters.,hot_take,downplaying player
England will bottle it again in quarterfinals. History repeats.,hot_take,predictive negativity
Brazil is overrated every World Cup cycle.,hot_take,general bold claim
Argentina without Messi would be mid-table at best.,hot_take,reductionist
France’s squad is too big ego for harmony.,hot_take,internal drama
Japan will be eliminated early by a European side.,hot_take,pessimistic
Germany lacks a true leader now.,hot_take,leadership claim
Portugal depends on aging stars too much.,hot_take,age concern exaggerated
Spain’s style is outdated for modern football.,hot_take,style dismissal
Morocco’s run was a one-off miracle.,hot_take,dismissive
USMNT fans are too optimistic about their chances.,hot_take,anti-hype
Salah is past his prime for World Cup heroics.,hot_take,age/performance take
Nigeria chokes under pressure always.,hot_take,pattern claim
Korea benefits from easy groups historically.,hot_take,cherry-picked
Croatia lucky to reach finals before.,hot_take,dismissive history
Netherlands never has the mentality to win it all.,hot_take,mentality take
Italy is too defensive for exciting football.,hot_take,style criticism
Canada won’t win a single game.,hot_take,harsh prediction
Mexico only performs well at home.,hot_take,home bias
England has the easiest path but still fails.,hot_take,bold criticism
Wow! What a strike from outside the box by Mbappe! Unbelievable.,reaction,excited skill reaction
Disaster! That red card changes everything for USMNT.,reaction,emotional to event
Absolutely gutted after that missed penalty. So close!,reaction,post-miss emotion
The crowd is going wild for the home teams tonight!,reaction,atmosphere
Brilliant teamwork leading to that goal. Team spirit!,reaction,positive team reaction
Unbelievable refereeing decision costing Ghana dearly.,reaction,frustrated
Nigeria equalizes! The comeback is on!,reaction,excited
Korea fighting until the last second. Incredible.,reaction,admiration
Modric still dictating play at his age. Legend.,reaction,respect
Netherlands with another stunning team goal.,reaction,appreciative
That save by the Italian keeper was world-class!,reaction,admiration
Spain controlling the game effortlessly.,reaction,impressed
USMNT showing real character in this match.,reaction,positive
Germany scores again. Clinical finishing.,reaction,positive
Portugal holding on for the win.,reaction,relieved
Argentina looking unstoppable in attack.,reaction,impressed
Score update: England 3-1 up against opponent.,updates,live score
Japan announces squad for friendly before WC.,updates,squad news
Key injury: Brazilian forward doubtful for opener.,updates,injury
USMNT wins 2-0 in warm-up match.,updates,result
Morocco qualifies for knockout stage.,updates,progress
Egypt advances with dramatic late goal.,updates,match outcome
Ghana posts impressive group stage performance.,updates,factual
Nigeria through as group runners-up.,updates,standing
Korea secures point with resilient defense.,updates,defensive fact
Croatia wins opening game convincingly.,updates,win update
Netherlands clean sheet streak continues.,updates,defensive
Italy through to Round of 16.,updates,qualification
Spain tops group with maximum points.,updates,standing
Canada draws with strong European side.,updates,result
Mexico beats rival in derby.,updates,match update
Portugal qualifies comfortably.,updates,factual
Germany advances with strong goal difference.,updates,progress
France rests key players but still wins.,updates,squad management
Argentina maintains perfect record.,updates,performance fact
